id_class,Anomalie,id_affichage,boundingbox,frame,confiance,image_path
1,fissure longitudinal,1,"35,198,128,529",90,0.83,detections_images_WhatsApp Vidéo 2025-07-24 à 19.27.22_d0c8ae43\fissure_longitudinal\frame_90.jpg
1,fissure longitudinal,2,"149,222,284,639",90,0.86,detections_images_WhatsApp Vidéo 2025-07-24 à 19.27.22_d0c8ae43\fissure_longitudinal\frame_90.jpg
1,fissure longitudinal,3,"119,132,174,312",122,0.78,detections_images_WhatsApp Vidéo 2025-07-24 à 19.27.22_d0c8ae43\fissure_longitudinal\frame_122.jpg
1,fissure longitudinal,4,"0,252,102,526",104,0.62,detections_images_WhatsApp Vidéo 2025-07-24 à 19.27.22_d0c8ae43\fissure_longitudinal\frame_104.jpg
1,fissure longitudinal,5,"15,331,82,644",139,0.81,detections_images_WhatsApp Vidéo 2025-07-24 à 19.27.22_d0c8ae43\fissure_longitudinal\frame_139.jpg
1,fissure longitudinal,6,"124,359,210,639",135,0.79,detections_images_WhatsApp Vidéo 2025-07-24 à 19.27.22_d0c8ae43\fissure_longitudinal\frame_135.jpg
1,fissure longitudinal,7,"39,178,90,305",156,0.76,detections_images_WhatsApp Vidéo 2025-07-24 à 19.27.22_d0c8ae43\fissure_longitudinal\frame_156.jpg
1,fissure longitudinal,8,"83,126,131,240",185,0.43,detections_images_WhatsApp Vidéo 2025-07-24 à 19.27.22_d0c8ae43\fissure_longitudinal\frame_185.jpg
1,fissure longitudinal,9,"217,169,289,380",225,0.78,detections_images_WhatsApp Vidéo 2025-07-24 à 19.27.22_d0c8ae43\fissure_longitudinal\frame_225.jpg
1,fissure longitudinal,10,"58,43,121,326",225,0.48,detections_images_WhatsApp Vidéo 2025-07-24 à 19.27.22_d0c8ae43\fissure_longitudinal\frame_225.jpg
1,fissure longitudinal,11,"66,20,105,211",232,0.57,detections_images_WhatsApp Vidéo 2025-07-24 à 19.27.22_d0c8ae43\fissure_longitudinal\frame_232.jpg
